{"v":"5.6.9","fr":10,"ip":0,"op":70,"w":808,"h":746,"nm":"chilun","ddd":0,"assets":[{"id":"image_0","w":204,"h":206,"u":"images/","p":"img_0.png","e":0},{"id":"image_1","w":298,"h":297,"u":"images/","p":"img_1.png","e":0},{"id":"image_2","w":444,"h":446,"u":"images/","p":"img_2.png","e":0}],"layers":[{"ddd":0,"ind":1,"ty":2,"nm":"da.png","cl":"png","refId":"image_0","sr":1,"ks":{"o":{"a":0,"k":100,"ix":11},"r":{"a":1,"k":[{"i":{"x":[0.833],"y":[0.833]},"o":{"x":[0.167],"y":[0.167]},"t":0,"s":[0]},{"t":70,"s":[-360]}],"ix":10},"p":{"a":0,"k":[255,274,0],"ix":2},"a":{"a":0,"k":[102,103,0],"ix":1},"s":{"a":0,"k":[100,100,100],"ix":6}},"ao":0,"ip":0,"op":3049.71638304972,"st":0,"bm":0},{"ddd":0,"ind":2,"ty":2,"nm":"zhong.png","cl":"png","refId":"image_1","sr":1,"ks":{"o":{"a":0,"k":100,"ix":11},"r":{"a":1,"k":[{"i":{"x":[0.833],"y":[0.833]},"o":{"x":[0.167],"y":[0.167]},"t":0,"s":[0]},{"t":73,"s":[360]}],"ix":10},"p":{"a":0,"k":[220,497,0],"ix":2},"a":{"a":0,"k":[149,148.5,0],"ix":1},"s":{"a":0,"k":[100,100,100],"ix":6}},"ao":0,"ip":0,"op":3049.71638304972,"st":0,"bm":0},{"ddd":0,"ind":3,"ty":2,"nm":"da1.png","cl":"png","refId":"image_2","sr":1,"ks":{"o":{"a":0,"k":100,"ix":11},"r":{"a":1,"k":[{"i":{"x":[0.833],"y":[0.833]},"o":{"x":[0.167],"y":[0.167]},"t":0,"s":[0]},{"t":89,"s":[360]}],"ix":10},"p":{"a":0,"k":[543,339.5,0],"ix":2},"a":{"a":0,"k":[224.02,217.124,0],"ix":1},"s":{"a":0,"k":[98.423,98.206,100],"ix":6}},"ao":0,"ip":0,"op":3049.71638304972,"st":0,"bm":0}],"markers":[]}