{"v":"5.6.9","fr":25,"ip":0,"op":26,"w":38,"h":79,"nm":"+1","ddd":0,"assets":[{"id":"image_0","w":21,"h":16,"u":"images/","p":"img_0.png","e":0}],"layers":[{"ddd":0,"ind":1,"ty":2,"nm":"+1.png","cl":"png","refId":"image_0","sr":1,"ks":{"o":{"a":1,"k":[{"i":{"x":[0.833],"y":[0.833]},"o":{"x":[0.167],"y":[0.167]},"t":0,"s":[100]},{"t":25,"s":[0]}],"ix":11},"r":{"a":0,"k":0,"ix":10},"p":{"a":1,"k":[{"i":{"x":0.833,"y":0.833},"o":{"x":0.167,"y":0.167},"t":0,"s":[18.625,52.875,0],"to":[0,-3.167,0],"ti":[0,3.167,0]},{"t":25,"s":[18.625,33.875,0]}],"ix":2},"a":{"a":0,"k":[10.5,8,0],"ix":1},"s":{"a":0,"k":[100,100,100],"ix":6}},"ao":0,"ip":0,"op":1750,"st":0,"bm":0}],"markers":[]}